ts_code,trade_date,open,high,low,close,pre_close,change,pct_chg,vol,amount,lrr
300677.SZ,20190102,14.61,14.86,14.61,14.68,14.71,-0.03,-0.2039,7960.8,11737.507,-0.002041511
300677.SZ,20190103,14.63,14.83,14.48,14.67,14.68,-0.01,-0.0681,8963.72,13150.806,-0.000681431
300677.SZ,20190104,14.52,15.01,14.35,14.97,14.67,0.3,2.045,13480.42,19958.147,0.020243606
300677.SZ,20190107,15.03,15.49,14.97,15.29,14.97,0.32,2.1376,11829.37,18017.123,0.021150822
300677.SZ,20190108,15.31,15.88,15.04,15.44,15.29,0.15,0.981,19560.04,30247.845,0.009762525
300677.SZ,20190109,15.3,15.47,15.12,15.35,15.44,-0.09,-0.5829,19130.08,29252.563,-0.005846071
300677.SZ,20190110,15.28,15.28,14.99,15,15.35,-0.35,-2.2801,13160,19887.083,-0.023065273
300677.SZ,20190111,15,15.15,14.96,15.11,15,0.11,0.7333,9877.16,14867.786,0.007306575
300677.SZ,20190114,15.06,15.28,14.88,14.93,15.11,-0.18,-1.1913,8705.59,13076.428,-0.011984165
300677.SZ,20190115,14.86,15.17,14.82,15.17,14.93,0.24,1.6075,8656.77,13037.932,0.015947182
300677.SZ,20190116,15.36,15.9,15.35,15.75,15.17,0.58,3.8233,32418,50955.837,0.037520572
300677.SZ,20190117,15.61,15.7,15.4,15.47,15.75,-0.28,-1.7778,14628.18,22688.438,-0.017937701
300677.SZ,20190118,15.58,15.59,15.17,15.42,15.47,-0.05,-0.3232,12974.03,19938.77,-0.003237296
300677.SZ,20190121,15.38,15.72,15.26,15.54,15.42,0.12,0.7782,12701.54,19700.653,0.007751977
300677.SZ,20190122,15.53,15.53,15.05,15.22,15.54,-0.32,-2.0592,16019.83,24427.596,-0.020806993
300677.SZ,20190123,15.19,15.47,15.18,15.44,15.22,0.22,1.4455,13400.57,20542.93,0.014351192
300677.SZ,20190124,15.38,15.66,15.36,15.6,15.44,0.16,1.0363,12632.01,19637.484,0.01030937
300677.SZ,20190125,15.5,15.67,15.3,15.3,15.6,-0.3,-1.9231,11394.8,17640.919,-0.019418086
300677.SZ,20190128,15.3,15.59,15.18,15.3,15.3,0,0,12072,18552.272,0
300677.SZ,20190129,15.27,15.3,14.58,14.89,15.3,-0.41,-2.6797,16728.02,24889.759,-0.027162982
300677.SZ,20190130,14.89,15.2,14.7,15.02,14.89,0.13,0.8731,11196,16891.681,0.0086928
300677.SZ,20190131,14.87,15.14,14.72,14.78,15.02,-0.24,-1.5979,12019,17887.258,-0.016107731
300677.SZ,20190201,14.95,15.16,14.75,15.16,14.78,0.38,2.571,12437,18701.371,0.025385465
300677.SZ,20190211,15.13,15.91,15.11,15.83,15.16,0.67,4.4195,24129.34,37674.73,0.043246494
300677.SZ,20190212,15.82,16.25,15.71,15.93,15.83,0.1,0.6317,23662.34,37890.11,0.00629725
300677.SZ,20190213,15.98,16.75,15.9,16.48,15.93,0.55,3.4526,34114.35,55610.511,0.033943401
300677.SZ,20190214,16.53,16.82,16.35,16.65,16.48,0.17,1.0316,26691.12,44321.191,0.010262692
300677.SZ,20190215,16.65,16.7,16.36,16.6,16.65,-0.05,-0.3003,15130.37,25054.625,-0.003007521
300677.SZ,20190218,16.63,17.35,16.63,17.2,16.6,0.6,3.6145,24042.27,41165.101,0.035506688
300677.SZ,20190219,17.25,17.49,16.8,17.03,17.2,-0.17,-0.9884,27577.79,47170.304,-0.009932889
300677.SZ,20190220,17.1,17.27,16.91,17.1,17.03,0.07,0.411,15932,27195.526,0.004101969
300677.SZ,20190221,17.12,17.18,16.66,16.8,17.1,-0.3,-1.7544,26381.96,44654.061,-0.017699577
300677.SZ,20190222,16.9,17.19,16.67,17.11,16.8,0.31,1.8452,26244.34,44380.061,0.018284201
300677.SZ,20190225,17.26,18.06,17.15,17.97,17.11,0.86,5.0263,36235.62,63980.536,0.049040613
300677.SZ,20190226,17.97,19.77,17.9,18.91,17.97,0.94,5.2309,77426.45,146917.329,0.050987182
300677.SZ,20190227,18.78,19.5,18.35,18.6,18.91,-0.31,-1.6393,45218.61,85275.192,-0.016529302
300677.SZ,20190228,18.6,19.62,18.41,19.16,18.6,0.56,3.0108,38764.7,74356.353,0.029663192
300677.SZ,20190301,18.94,18.94,17.81,18.41,19.16,-0.75,-3.9144,58636.83,107050.333,-0.039930777
300677.SZ,20190304,18.4,19.16,18.21,18.78,18.41,0.37,2.0098,67330.97,125057.017,0.019898479
300677.SZ,20190305,18.5,19.16,18.39,19.14,18.78,0.36,1.9169,41117.76,77039.921,0.018987912
300677.SZ,20190306,19.17,19.46,18.88,19.2,19.14,0.06,0.3135,41417.14,79161.996,0.003129893
300677.SZ,20190307,19.2,19.34,18.8,19.16,19.2,-0.04,-0.2083,35756,68083.247,-0.002085506
300677.SZ,20190308,19.08,19.99,18.56,19.45,19.16,0.29,1.5136,73572.81,143132.486,0.015022298
300677.SZ,20190311,19.6,21.23,19.36,20.95,19.45,1.5,7.7121,73107.72,148801.606,0.074291576
300677.SZ,20190312,20.86,21.96,20.36,21.32,20.95,0.37,1.7661,69949.72,148116.311,0.017506953
300677.SZ,20190313,20.78,21.2,20.1,20.12,21.32,-1.2,-5.6285,44869.57,92198.814,-0.057931254
300677.SZ,20190314,20.21,20.49,19,19.3,20.12,-0.82,-4.0755,34059.33,67009.539,-0.041609249
300677.SZ,20190315,19.49,19.9,19.31,19.78,19.3,0.48,2.487,21900.63,43003.306,0.02456623
300677.SZ,20190318,19.7,20.36,19.31,20.27,19.78,0.49,2.4772,25273.53,50286.258,0.024470634
300677.SZ,20190319,20.28,20.54,19.83,20.19,20.27,-0.08,-0.3947,22366.93,45086.272,-0.003954528
300677.SZ,20190320,20.09,20.18,19.45,19.76,20.19,-0.43,-2.1298,18198.78,36056.5,-0.02152774
300677.SZ,20190321,19.8,20.09,19.65,19.96,19.76,0.2,1.0121,25697.36,51086.46,0.010070579
300677.SZ,20190322,19.76,19.9,19.21,19.57,19.96,-0.39,-1.9539,20753.34,40530.077,-0.019732489
300677.SZ,20190325,19.31,19.44,19.03,19.21,19.57,-0.36,-1.8396,23346.78,44906.469,-0.018566805
300677.SZ,20190326,19.25,19.4,18.4,18.6,19.21,-0.61,-3.1754,23884.77,45176.179,-0.032269396
300677.SZ,20190327,18.62,18.92,18.47,18.77,18.6,0.17,0.914,15080.31,28231.961,0.00909827
300677.SZ,20190328,18.6,19.04,18.4,18.4,18.77,-0.37,-1.9712,15386.34,28830.354,-0.019909186
300677.SZ,20190329,18.42,19.05,18.21,18.98,18.4,0.58,3.1522,18581.13,34787.708,0.031035129
300677.SZ,20190401,19.01,20.03,19.01,19.64,18.98,0.66,3.4773,31591.75,61763.684,0.03418251
300677.SZ,20190402,19.78,19.82,19.46,19.49,19.64,-0.15,-0.7637,25482.72,50041.582,-0.007666789
300677.SZ,20190403,19.76,20,19.59,19.72,19.49,0.23,1.1801,26543.17,52530.712,0.011731836
300677.SZ,20190404,19.73,19.86,19.31,19.6,19.72,-0.12,-0.6085,34367,67261.575,-0.006103783
300677.SZ,20190408,19.61,20.59,19.61,20.59,19.6,0.99,5.051,56455.3,113534.015,0.049275955
300677.SZ,20190409,20.59,21.36,20.28,21.26,20.59,0.67,3.254,74548,154974.571,0.032021852
300677.SZ,20190410,21.1,21.48,20.63,20.98,21.26,-0.28,-1.317,42227.94,89283.44,-0.01325777
300677.SZ,20190411,20.68,21.08,20.1,20.95,20.98,-0.03,-0.143,44517.2,91855.875,-0.001430957
300677.SZ,20190412,20.68,20.8,20.13,20.44,20.95,-0.51,-2.4344,32632.3,66639.203,-0.024644881
300677.SZ,20190415,20.59,20.76,20.01,20.03,20.44,-0.41,-2.0059,21214.41,43314.238,-0.020262616
300677.SZ,20190416,20,20.34,19.8,20.27,20.03,0.24,1.1982,17146.4,34520.113,0.011910811
300677.SZ,20190417,20.21,20.64,20.15,20.54,20.27,0.27,1.332,20499.89,41825.382,0.013232244
300677.SZ,20190418,20.56,20.75,20.33,20.34,20.54,-0.2,-0.9737,18866.15,38702.784,-0.009784814
300677.SZ,20190419,20.5,20.9,20.42,20.82,20.34,0.48,2.3599,25381.5,52537.136,0.023324673
300677.SZ,20190422,20.76,21.64,20.76,21.06,20.82,0.24,1.1527,35022.98,74299.531,0.011461444
300677.SZ,20190423,21,21,20.33,20.46,21.06,-0.6,-2.849,17993.01,37075.487,-0.028903746
300677.SZ,20190424,20.59,20.6,19.93,20.31,20.46,-0.15,-0.7331,18432.01,37301.14,-0.007358385
300677.SZ,20190425,20.37,20.5,19.15,19.15,20.31,-1.16,-5.7115,23192,45881.741,-0.05881066
300677.SZ,20190426,19.09,20.1,18.88,19.8,19.15,0.65,3.3943,23643.51,46246.815,0.033379222
300677.SZ,20190429,19.81,19.93,18.52,19.14,19.8,-0.66,-3.3333,30829.77,59363.066,-0.033901552
300677.SZ,20190430,18.8,19.25,18.69,18.9,19.14,-0.24,-1.2539,13283.79,25176.928,-0.012618464
300677.SZ,20190506,18.45,18.71,17.01,17.19,18.9,-1.71,-9.0476,26923.78,47000.274,-0.094834103
300677.SZ,20190507,17.2,17.5,16.83,17.21,17.19,0.02,0.1163,17345.7,29741.136,0.001162791
300677.SZ,20190508,16.83,17.28,16.53,16.79,17.21,-0.42,-2.4404,10954.95,18582.917,-0.024707139
300677.SZ,20190509,16.89,17.35,16.7,16.95,16.79,0.16,0.9529,16075.19,27361.371,0.009484363
300677.SZ,20190510,17,17.64,16.78,17.53,16.95,0.58,3.4218,23008.23,39843.486,0.033645865
300677.SZ,20190513,17.51,19.28,17.3,18.42,17.53,0.89,5.077,44688.7,82016.81,0.049523332
300677.SZ,20190514,18.2,19.99,18.15,18.6,18.42,0.18,0.9772,48684.45,91039.8,0.00972455
300677.SZ,20190515,18.48,18.77,18.06,18.73,18.6,0.13,0.6989,33374.83,61303.747,0.006964936
300677.SZ,20190516,18.6,18.6,18.26,18.3,18.73,-0.43,-2.2958,23943.92,43973.562,-0.023225457
300677.SZ,20190517,18.35,18.35,17.4,17.4,18.3,-0.9,-4.918,30629.13,54829.828,-0.050430854
300677.SZ,20190520,17.33,17.4,16.58,17.09,17.4,-0.31,-1.7816,17866.75,30370.99,-0.017976709
300677.SZ,20190521,17.1,17.34,16.82,17.25,17.09,0.16,0.9362,20061.62,34358.327,0.009318646
300677.SZ,20190522,17.12,17.29,16.7,16.97,17.25,-0.28,-1.6232,19445.74,33136.683,-0.016365064
300677.SZ,20190523,16.85,16.97,16.21,16.26,16.97,-0.71,-4.1839,22117.02,36537.245,-0.042738975
300677.SZ,20190524,16.33,16.35,15.9,15.98,16.26,-0.28,-1.722,13718,22079.154,-0.017370164
300677.SZ,20190527,16.01,16.63,15.98,16.52,15.98,0.54,3.3792,15771.74,25776.817,0.033233828
300677.SZ,20190528,16.54,16.74,16.2,16.36,16.52,-0.16,-0.9685,14562.78,24074.656,-0.009732437
300677.SZ,20190529,16.38,16.67,16.22,16.56,16.36,0.2,1.2225,11897,19613.689,0.012150818
300677.SZ,20190530,16.41,16.43,16.08,16.33,16.56,-0.23,-1.3889,11889,19303.53,-0.013986242
300677.SZ,20190531,16.33,16.49,16.23,16.42,16.33,0.09,0.5511,10587,17348.215,0.005496197
300677.SZ,20190603,16.42,16.63,16.12,16.3,16.42,-0.12,-0.7308,10692,17453.451,-0.007334996
300677.SZ,20190604,16.19,16.3,15.88,15.9,16.3,-0.4,-2.454,11064,17720.667,-0.024845999
300677.SZ,20190605,15.93,16.09,15.75,15.78,15.75,0.03,0.1905,9135.78,14468.838,0.00190295
300677.SZ,20190606,15.78,15.95,15.48,15.55,15.78,-0.23,-1.4575,8351,13134.993,-0.014682677
300677.SZ,20190610,15.62,16.18,15.61,16.03,15.55,0.48,3.0868,11035.72,17619.988,0.030401328
300677.SZ,20190611,16.13,16.56,15.9,16.5,16.03,0.47,2.932,16859.18,27512.65,0.028898414
300677.SZ,20190612,16.5,16.5,16.19,16.2,16.5,-0.3,-1.8182,10298,16783.296,-0.018349139
300677.SZ,20190613,16.28,16.38,16.08,16.27,16.2,0.07,0.4321,10142,16431.022,0.004311679
300677.SZ,20190614,16.26,16.29,15.75,15.81,16.27,-0.46,-2.8273,11439,18327.518,-0.02868027
300677.SZ,20190617,15.81,16.45,15.73,16.22,15.81,0.41,2.5933,16289,26252.383,0.025602397
300677.SZ,20190618,16.12,16.47,15.9,16.05,16.22,-0.17,-1.0481,17519,28410.632,-0.010536199
300677.SZ,20190619,16.41,16.52,16.11,16.14,16.05,0.09,0.5607,18272.05,29799.411,0.005591813
300677.SZ,20190620,16.05,16.46,16.05,16.38,16.14,0.24,1.487,14582,23760.038,0.014760416
300677.SZ,20190621,16.5,17.08,16.49,16.9,16.38,0.52,3.1746,24355.2,40985.392,0.031252544
300677.SZ,20190624,16.9,16.9,16.58,16.74,16.9,-0.16,-0.9467,14803,24705.143,-0.009512557
300677.SZ,20190625,16.6,16.69,16.23,16.43,16.74,-0.31,-1.8519,13401,22001.339,-0.018692133
300677.SZ,20190626,16.4,16.71,16.28,16.6,16.43,0.17,1.0347,13180,21829.8,0.010293763
300677.SZ,20190627,16.61,16.77,16.4,16.44,16.6,-0.16,-0.9639,18163,30161.813,-0.009685306
300677.SZ,20190628,16.45,16.54,15.98,16.06,16.44,-0.38,-2.3114,19318,31242.735,-0.023385681
300677.SZ,20190701,16.5,17.3,16.38,17.06,16.06,1,6.2267,38558.02,65004.753,0.060404834
300677.SZ,20190702,16.93,17.4,16.88,17.06,17.06,0,0,21391.7,36544.201,0
300677.SZ,20190703,17,17,16.67,16.75,17.06,-0.31,-1.8171,13449.57,22639.711,-0.018338284
300677.SZ,20190704,16.88,17.24,16.75,17.05,16.75,0.3,1.791,17001.2,28926.887,0.017751945
300677.SZ,20190705,16.98,17.17,16.85,17.04,17.05,-0.01,-0.0587,12423.22,21130.322,-0.000586682
300677.SZ,20190708,17.07,17.08,16.34,16.47,17.04,-0.57,-3.3451,17109.7,28369.324,-0.034022977
300677.SZ,20190709,16.58,16.74,16.42,16.71,16.47,0.24,1.4572,12122,20121.914,0.014466798
300677.SZ,20190710,16.18,17.09,15.73,16.41,16.71,-0.3,-1.7953,43107.96,70224.393,-0.018116438
300677.SZ,20190711,16.4,17.24,16.27,17.03,16.41,0.62,3.7782,49584.14,83400.916,0.03708559
300677.SZ,20190712,16.62,17.76,16.62,17.73,17.03,0.7,4.1104,77211.73,133701.336,0.040281625
300677.SZ,20190715,17.51,17.7,17.07,17.58,17.73,-0.15,-0.846,48206.07,83897.189,-0.008496228
300677.SZ,20190716,17.55,18.19,17.42,17.65,17.58,0.07,0.3982,46047.31,81628.111,0.003973891
300677.SZ,20190717,17.55,17.65,17.18,17.27,17.65,-0.38,-2.153,27467.92,47558.932,-0.021764891
300677.SZ,20190718,17.16,17.29,16.81,16.81,17.27,-0.46,-2.6636,22424.89,38128.302,-0.026996945
300677.SZ,20190719,16.9,17.04,16.77,16.8,16.81,-0.01,-0.0595,15850.58,26777.922,-0.000595061
300677.SZ,20190722,16.71,16.88,15.9,16.29,16.8,-0.51,-3.0357,20892.05,34065.947,-0.030827464
300677.SZ,20190723,16.18,16.46,16.14,16.38,16.29,0.09,0.5525,12495.35,20407.274,0.005509656
300677.SZ,20190724,16.28,16.7,16.28,16.56,16.38,0.18,1.0989,13924,23066.423,0.010929071
300677.SZ,20190725,16.63,16.65,16.41,16.49,16.56,-0.07,-0.4227,12355.83,20404.89,-0.004236012
300677.SZ,20190726,16.51,16.65,16.42,16.53,16.49,0.04,0.2426,9941,16404.039,0.002422775
300677.SZ,20190729,16.54,16.55,16.24,16.32,16.53,-0.21,-1.2704,11250,18390.661,-0.012785562
300677.SZ,20190730,16.23,16.57,16.22,16.45,16.32,0.13,0.7966,12336.92,20279.668,0.007934128
300677.SZ,20190731,16.42,16.42,16.17,16.31,16.45,-0.14,-0.8511,9070.23,14761.579,-0.008547061
300677.SZ,20190801,16.27,16.28,16.04,16.18,16.31,-0.13,-0.7971,12642.62,20435.415,-0.008002505
300677.SZ,20190802,15.84,16.56,15.64,16.28,16.18,0.1,0.618,33864.93,54569.968,0.006161449
300677.SZ,20190805,16.3,16.79,16.3,16.59,16.28,0.31,1.9042,45581.3,75614.969,0.018862744
300677.SZ,20190806,16.2,16.26,15.17,15.54,16.59,-1.05,-6.3291,36418.79,56917.956,-0.065382759
300677.SZ,20190807,15.54,15.66,15.28,15.32,15.54,-0.22,-1.4157,17266.69,26675.351,-0.014258181
300677.SZ,20190808,15.36,15.49,15.24,15.36,15.32,0.04,0.2611,12195.61,18727.861,0.002607563
300677.SZ,20190809,15.4,15.65,15.15,15.31,15.36,-0.05,-0.3255,20886,32137.58,-0.003260518
300677.SZ,20190812,15.31,15.99,15.22,15.99,15.31,0.68,4.4415,20650.13,32243.321,0.043457317
300677.SZ,20190813,15.83,16.12,15.65,15.74,15.99,-0.25,-1.5635,15085.31,23883.339,-0.015758284
300677.SZ,20190814,16.17,16.33,15.86,15.91,15.74,0.17,1.0801,20284,32452.378,0.010742599
300677.SZ,20190815,15.71,16.48,15.7,16.46,15.91,0.55,3.4569,42631.35,69176.807,0.033985353
300677.SZ,20190816,16.2,16.33,16.11,16.12,16.46,-0.34,-2.0656,28719.01,46582.658,-0.020872458
300677.SZ,20190819,16.09,16.4,16.05,16.38,16.12,0.26,1.6129,25537.78,41547.019,0.016000341
300677.SZ,20190820,16.38,16.65,16.24,16.38,16.38,0,0,34283.85,56427.363,0
300677.SZ,20190821,16.24,16.4,16.01,16.07,16.38,-0.31,-1.8926,22489.15,36336.05,-0.019106899
300677.SZ,20190822,16.3,16.3,15.95,16.13,16.07,0.06,0.3734,10200.15,16366.939,0.003726712
300677.SZ,20190823,16.13,16.29,15.95,16.18,16.13,0.05,0.31,14672.04,23643.869,0.003095019
300677.SZ,20190826,15.88,15.99,15.65,15.78,16.18,-0.4,-2.4722,16508.04,26054.163,-0.025032596
300677.SZ,20190827,15.8,16.25,15.8,16.02,15.78,0.24,1.5209,17575.2,28176.776,0.015094626
300677.SZ,20190828,16.08,16.33,15.91,16.25,16.02,0.23,1.4357,17626.71,28504.032,0.014254967
300677.SZ,20190829,16.2,16.48,16.15,16.43,16.25,0.18,1.1077,17609.78,28730.049,0.011016023
300677.SZ,20190830,16.41,16.46,15.68,15.99,16.43,-0.44,-2.678,21608,34765.198,-0.027145405
300677.SZ,20190902,15.99,16.22,15.83,16.22,15.99,0.23,1.4384,14181.57,22826.786,0.014281522
300677.SZ,20190903,16.1,16.4,16.03,16.21,16.22,-0.01,-0.0617,14013,22733.637,-0.000616713
300677.SZ,20190904,16.21,16.31,16.07,16.27,16.21,0.06,0.3701,14860.78,24085.197,0.003694585
300677.SZ,20190905,16.37,16.77,16.3,16.45,16.27,0.18,1.1063,33506.78,55243.694,0.011002556
300677.SZ,20190906,16.45,16.75,16.38,16.58,16.45,0.13,0.7903,27280.89,45138.779,0.007871672
300677.SZ,20190909,16.7,16.94,16.56,16.93,16.58,0.35,2.111,29615.11,49764.139,0.020890046
300677.SZ,20190910,16.88,17.16,16.84,16.96,16.93,0.03,0.1772,34355.76,58362.195,0.001770434
300677.SZ,20190911,16.91,17.2,16.65,16.68,16.96,-0.28,-1.6509,38362.2,64781.477,-0.016647233
300677.SZ,20190912,16.7,16.87,16.61,16.66,16.68,-0.02,-0.1199,21698.11,36209.126,-0.00119976
300677.SZ,20190916,16.75,16.84,16.6,16.69,16.66,0.03,0.1801,16410,27434.343,0.001799101
300677.SZ,20190917,16.7,16.7,16.1,16.2,16.69,-0.49,-2.9359,24552,40086.881,-0.029798495
300677.SZ,20190918,16.15,16.25,16.01,16.04,16.2,-0.16,-0.9877,17368.2,28052.735,-0.00992564
300677.SZ,20190919,15.95,16.4,15.95,16.4,16.04,0.36,2.2444,15799.25,25617.692,0.022195732
300677.SZ,20190920,16.28,16.48,16.28,16.39,16.4,-0.01,-0.061,11807.41,19354.932,-0.000609942
300677.SZ,20190923,16.33,16.74,16.25,16.68,16.39,0.29,1.7694,25803.64,42677.853,0.017539004
300677.SZ,20190924,16.66,16.82,16.54,16.58,16.68,-0.1,-0.5995,19120,31835.346,-0.006013247
300677.SZ,20190925,16.34,16.37,16.02,16.04,16.58,-0.54,-3.2569,19614.19,31803.479,-0.033111547
300677.SZ,20190926,16.15,16.2,15.65,15.65,16.04,-0.39,-2.4314,15154.39,24099.66,-0.024614685
300677.SZ,20190927,15.65,15.81,15.65,15.73,15.65,0.08,0.5112,13472,21175.53,0.0050988
300677.SZ,20190930,15.7,15.88,15.56,15.59,15.73,-0.14,-0.89,7647.64,11991.055,-0.008940034
300677.SZ,20191008,15.77,15.81,15.58,15.58,15.59,-0.01,-0.0641,6231.16,9795.484,-0.000641643
300677.SZ,20191009,15.56,15.75,15.49,15.68,15.58,0.1,0.6418,6406.4,10031.664,0.006397974
300677.SZ,20191010,15.71,15.82,15.64,15.78,15.68,0.1,0.6378,10118,15898.834,0.0063573
300677.SZ,20191011,15.8,15.92,15.7,15.88,15.78,0.1,0.6337,13632.57,21568.834,0.00631714
300677.SZ,20191014,15.93,16.15,15.83,16.01,15.88,0.13,0.8186,24368.4,38931.629,0.008153071
300677.SZ,20191015,15.95,15.95,15.68,15.72,16.01,-0.29,-1.8114,15726,24830.038,-0.01827974
300677.SZ,20191016,15.88,15.88,15.62,15.7,15.72,-0.02,-0.1272,10363,16305.547,-0.001273075
300677.SZ,20191017,15.71,15.79,15.65,15.7,15.7,0,0,6646,10446.958,0
300677.SZ,20191018,15.77,15.77,15.33,15.36,15.7,-0.34,-2.1656,13549,21035.162,-0.021893985
300677.SZ,20191021,15.37,15.65,15.37,15.56,15.36,0.2,1.3021,10282.78,15980.766,0.012936791
300677.SZ,20191022,15.47,15.66,15.4,15.63,15.56,0.07,0.4499,8095.89,12602.266,0.004488626
300677.SZ,20191023,15.63,16.32,15.55,15.9,15.63,0.27,1.7274,27343,43836.438,0.017126965
300677.SZ,20191024,15.8,15.98,15.72,15.78,15.9,-0.12,-0.7547,12051.57,19067.463,-0.007575794
300677.SZ,20191025,15.83,15.83,15.55,15.79,15.78,0.01,0.0634,10654,16691.259,0.000633513
300677.SZ,20191028,15.74,15.83,15.56,15.82,15.79,0.03,0.19,30958.34,48449.896,0.001898134
300677.SZ,20191029,15.72,15.78,15.58,15.6,15.82,-0.22,-1.3906,15893.45,24880.576,-0.014004048
300677.SZ,20191030,15.58,15.77,15.32,15.65,15.6,0.05,0.3205,18711,28963.28,0.003200003
300677.SZ,20191031,15.65,16,15.51,15.7,15.65,0.05,0.3195,19326.57,30347.738,0.003189795
300677.SZ,20191101,15.41,15.93,15.41,15.74,15.7,0.04,0.2548,23544.67,37045.772,0.002544531
300677.SZ,20191104,15.75,15.97,15.69,15.95,15.74,0.21,1.3342,20606.67,32706.596,0.013253586
300677.SZ,20191105,15.95,16.22,15.79,16.01,15.95,0.06,0.3762,25308.56,40526.704,0.003754698
300677.SZ,20191106,15.96,16.02,15.75,15.84,16.01,-0.17,-1.0618,16240.75,25762.977,-0.010675141
300677.SZ,20191107,15.9,16.49,15.79,16.47,15.84,0.63,3.9773,44821.8,72874.812,0.039002158
300677.SZ,20191108,16.51,16.67,16.27,16.29,16.47,-0.18,-1.0929,33400.72,54872.276,-0.010989122
300677.SZ,20191111,16.3,16.3,15.77,15.77,16.29,-0.52,-3.1921,15700,25070.78,-0.032442022
300677.SZ,20191112,15.79,15.79,15.5,15.62,15.77,-0.15,-0.9512,15735,24531.56,-0.009557257
300677.SZ,20191113,15.69,15.72,15.52,15.61,15.62,-0.01,-0.064,8289.78,12954.406,-0.00064041
300677.SZ,20191114,15.63,15.75,15.53,15.67,15.61,0.06,0.3844,8800.58,13775.15,0.003836322
300677.SZ,20191115,15.68,16.05,15.66,15.87,15.67,0.2,1.2763,15217.64,24178.073,0.012682478
300677.SZ,20191118,15.83,15.94,15.63,15.78,15.87,-0.09,-0.5671,8239.2,12981.129,-0.005687219
300677.SZ,20191119,15.79,16.29,15.75,16.27,15.78,0.49,3.1052,22635.64,36389.434,0.030579606
300677.SZ,20191120,16.17,16.38,16.06,16.09,16.27,-0.18,-1.1063,19685.78,31920.997,-0.01112496
300677.SZ,20191121,16.05,16.14,15.82,15.94,16.09,-0.15,-0.9323,12070.4,19230.673,-0.009366288
300677.SZ,20191122,15.85,16.17,15.7,15.9,15.94,-0.04,-0.2509,16461.57,26263.825,-0.002512564
300677.SZ,20191125,15.89,15.93,15.55,15.57,15.9,-0.33,-2.0755,14840,23240.839,-0.020973123
300677.SZ,20191126,15.58,15.72,15.5,15.62,15.57,0.05,0.3211,7601,11861.487,0.003206159
300677.SZ,20191127,15.68,15.68,15.37,15.42,15.62,-0.2,-1.2804,9385,14533.249,-0.012886776
300677.SZ,20191128,15.53,15.53,15.19,15.3,15.42,-0.12,-0.7782,9204.21,14098.338,-0.00781254
300677.SZ,20191129,15.34,15.34,15.17,15.24,15.3,-0.06,-0.3922,5059.62,7716.282,-0.003929278
300677.SZ,20191202,15.26,15.36,15.23,15.27,15.24,0.03,0.1969,5204,7968.324,0.001966569
300677.SZ,20191203,15.36,15.36,15.15,15.35,15.27,0.08,0.5239,5442.57,8293.845,0.005225355
300677.SZ,20191204,15.31,15.45,15.24,15.36,15.35,0.01,0.0651,6371,9770.054,0.000651254
300677.SZ,20191205,15.32,15.5,15.32,15.47,15.36,0.11,0.7161,8895,13716.255,0.007135937
300677.SZ,20191206,15.47,15.52,15.33,15.45,15.47,-0.02,-0.1293,7786.57,11995.059,-0.001293661
300677.SZ,20191209,15.45,15.47,15.33,15.4,15.45,-0.05,-0.3236,8569,13179.803,-0.003241494
300677.SZ,20191210,15.36,15.45,15.27,15.45,15.4,0.05,0.3247,9855.62,15142.203,0.003241494
300677.SZ,20191211,15.4,15.42,15.25,15.26,15.45,-0.19,-1.2298,12402.01,18987.637,-0.012373977
300677.SZ,20191212,15.2,15.28,15.18,15.23,15.26,-0.03,-0.1966,8515,12956.148,-0.001967859
300677.SZ,20191213,15.28,15.89,15.28,15.89,15.23,0.66,4.3336,39583.59,62081.696,0.042422814
300677.SZ,20191216,15.94,16.04,15.66,15.96,15.89,0.07,0.4405,22229.57,35260.878,0.004395611
300677.SZ,20191217,15.81,16.36,15.81,16.25,15.96,0.29,1.817,28854.57,46822.352,0.018007317
300677.SZ,20191218,16.25,16.36,16.12,16.12,16.25,-0.13,-0.8,18204,29554.911,-0.008032172
300677.SZ,20191219,16.13,16.49,16.05,16.44,16.12,0.32,1.9851,19673.2,32151.966,0.019656653
300677.SZ,20191220,16.39,16.49,16.2,16.23,16.44,-0.21,-1.2774,8522.57,13903.361,-0.012856008
300677.SZ,20191223,16.2,16.42,15.85,15.87,16.23,-0.36,-2.2181,11072,17802.6,-0.022430847
300677.SZ,20191224,15.89,16.03,15.81,15.98,15.87,0.11,0.6931,9123,14531.3,0.006907406
300677.SZ,20191225,15.98,16.03,15.85,15.92,15.98,-0.06,-0.3755,8626,13739.616,-0.00376176
300677.SZ,20191226,15.96,16.08,15.91,16.06,15.92,0.14,0.8794,8450,13505.004,0.008755528
300677.SZ,20191227,16.24,16.61,16.11,16.24,16.06,0.18,1.1208,24324.34,39861.438,0.011145626
300677.SZ,20191230,16.25,16.8,16.2,16.78,16.24,0.54,3.3251,32425.35,53661.844,0.032710366
300677.SZ,20191231,16.84,16.84,16.52,16.59,16.78,-0.19,-1.1323,22715.22,37907.364,-0.011387597
300677.SZ,20200102,16.79,17.39,16.5,17.27,16.59,0.68,4.0989,39510.75,67354.244,0.040170788
300677.SZ,20200103,17.33,17.97,17.21,17.86,17.27,0.59,3.4163,42606.69,75135.809,0.033592683
300677.SZ,20200106,17.8,19.65,17.63,19.23,17.86,1.37,7.6708,92399.04,175643.215,0.073907984
300677.SZ,20200107,19.7,21.15,19.7,21.15,19.23,1.92,9.9844,68144.3,140029.328,0.095168346
300677.SZ,20200108,21.13,21.98,20.2,20.88,21.15,-0.27,-1.2766,96010.35,203169.726,-0.012848142
300677.SZ,20200109,21.18,21.5,20.5,21.21,20.88,0.33,1.5805,45238.3,95757.962,0.015681006
300677.SZ,20200110,21.24,21.56,20.96,21.43,21.21,0.22,1.0372,34300.22,72914.616,0.010319041
300677.SZ,20200113,21.26,21.68,20.97,21.65,21.43,0.22,1.0266,32523,69461.355,0.010213645
300677.SZ,20200114,21.83,23.1,21.62,22.51,21.65,0.86,3.9723,50514,114009.409,0.0389542
300677.SZ,20200115,22.52,22.79,21.9,22.46,22.51,-0.05,-0.2221,27428.78,61026.129,-0.002223706
300677.SZ,20200116,22.41,23.34,21.89,22.15,22.46,-0.31,-1.3802,57618,130406.529,-0.013898453
300677.SZ,20200117,22.49,23.33,22.03,23.06,22.15,0.91,4.1084,53216,122376.136,0.040262018
300677.SZ,20200120,24.65,25.01,23,25,23.06,1.94,8.4128,66669.78,160843.134,0.08077631
300677.SZ,20200121,26.07,27.19,24.1,24.7,25,-0.3,-1.2,88211.31,228623.344,-0.012072581
300677.SZ,20200122,24.59,25.45,23.98,24.82,24.7,0.12,0.4858,64666.34,159877.579,0.004846536
300677.SZ,20200123,24.9,26.16,23.33,23.61,24.82,-1.21,-4.8751,43843.32,106776.499,-0.049979429
300677.SZ,20200203,25.48,25.97,23.24,25.97,23.61,2.36,9.9958,161621.14,408852.088,0.095271675
300677.SZ,20200204,26,27.27,23.45,25.72,25.97,-0.25,-0.9626,115854.25,295863.846,-0.009673126
300677.SZ,20200205,25.5,26.63,25,26.32,25.72,0.6,2.3328,94712.05,245541.957,0.023060207
300677.SZ,20200206,26,28.85,26,27.6,26.32,1.28,4.8632,110055.71,306537.622,0.047486666
300677.SZ,20200207,28.3,29.3,26.51,27.39,27.6,-0.21,-0.7609,79631.98,222557.474,-0.007637789
300677.SZ,20200210,27.1,27.75,25.4,27.65,27.39,0.26,0.9493,81170.18,213648.273,0.009447745
300677.SZ,20200211,26.39,30.42,26.39,30.42,27.65,2.77,10.0181,130901.54,383662.681,0.095474559
300677.SZ,20200212,32.22,33.46,30.42,33.46,30.42,3.04,9.9934,134079.91,433957.279,0.095250409
300677.SZ,20200213,32.3,35.76,31.1,35.18,33.46,1.72,5.1405,98498.36,331466.83,0.050127044
300677.SZ,20200214,34.75,35.48,33.36,33.36,35.18,-1.82,-5.1734,72871.53,250014.007,-0.053120162
300677.SZ,20200217,32.5,34.2,32.46,32.64,33.36,-0.72,-2.1583,73817.51,245419.215,-0.021819047
300677.SZ,20200218,32.25,33.2,31.21,32.68,32.64,0.04,0.1225,48541.81,156852.11,0.00122474
300677.SZ,20200219,32.5,35.33,31.9,34.26,32.68,1.58,4.8348,72637.74,248500.938,0.047215223
300677.SZ,20200220,34,35.76,33,33.45,34.26,-0.81,-2.3643,42567.93,144434.311,-0.023926706
300677.SZ,20200221,33.26,35.74,32.86,34.92,33.45,1.47,4.3946,56383.13,193800.174,0.043007944
300677.SZ,20200224,36.27,38.41,36.26,38.41,34.92,3.49,9.9943,46574.23,177239.521,0.095258111
300677.SZ,20200225,39.16,41.66,37.8,39.4,38.41,0.99,2.5775,90957.39,362655.911,0.025447974
300677.SZ,20200226,38.15,41.2,37.38,38,39.4,-1.4,-3.5533,67193.67,260732.232,-0.036179657
300677.SZ,20200227,38.4,41.8,37.28,41.8,38,3.8,10,70912.8,285755.883,0.09531018
300677.SZ,20200228,43.33,45.98,42,45.98,41.8,4.18,10,101948.25,459437.915,0.09531018
300677.SZ,20200302,47.78,48.5,42.26,44.72,45.98,-1.26,-2.7403,118785.66,538969.543,-0.02778569
300677.SZ,20200303,42.16,46.34,42.16,45.04,44.72,0.32,0.7156,101176.02,453764.946,0.007130155
300677.SZ,20200304,46,48.87,45.34,46.04,45.04,1,2.2202,84495.03,397143.959,0.0219596
300677.SZ,20200305,45.99,47,43.48,44.08,46.04,-1.96,-4.2572,75365.89,336069.682,-0.043504419
300677.SZ,20200306,43.11,47.28,43.11,46.8,44.08,2.72,6.1706,85436.27,390155.243,0.059877038
300677.SZ,20200309,50.99,51.48,46.91,51.48,46.8,4.68,10,82589.83,422131.587,0.09531018
300677.SZ,20200310,50.99,52.88,46.33,48.78,51.48,-2.7,-5.2448,139338.33,682653.26,-0.05387299
300677.SZ,20200311,47.43,53.66,47.13,53.39,48.78,4.61,9.4506,139842.43,724381.72,0.09030307
300677.SZ,20200312,53.88,55.97,50.5,51.66,53.39,-1.73,-3.2403,126581.76,672397.189,-0.032939675
300677.SZ,20200313,46.9,51.04,46.49,46.49,51.66,-5.17,-10.0077,115439.07,553347.03,-0.105446552
300677.SZ,20200316,47.32,50.84,45.47,45.56,46.49,-0.93,-2.0004,124799.05,601939.359,-0.020207097
300677.SZ,20200317,45.59,47,41.3,45.88,45.56,0.32,0.7024,105419.29,466494.688,0.006999154
300677.SZ,20200318,45.97,46.8,43,43,45.88,-2.88,-6.2772,71944.19,323188.447,-0.064829177
300677.SZ,20200319,42.24,43.5,40.09,41,43,-2,-4.6512,84277.12,348015.192,-0.047628049
300677.SZ,20200320,42.17,44.05,41.5,44,41,3,7.3171,64950.2,280587.945,0.070617567
300677.SZ,20200323,44.28,46.07,42,42,44,-2,-4.5455,69367.04,301559.915,-0.046520016
300677.SZ,20200324,42,43.29,39.3,41.47,42,-0.53,-1.2619,61651.53,254836.163,-0.012699344
300677.SZ,20200325,42.7,44.7,42.31,44.33,41.47,2.86,6.8966,65478.39,285967.506,0.066691374
300677.SZ,20200326,44.85,47.43,44.14,45.83,44.33,1.5,3.3837,93986.04,430901.827,0.03327725
300677.SZ,20200327,45.59,46.66,44.52,45.88,45.83,0.05,0.1091,60295.71,274911.015,0.001090394
300677.SZ,20200330,47,48.45,45.58,46.65,45.88,0.77,1.6783,58645.79,275420.255,0.016643635
300677.SZ,20200331,45.86,47.8,45.14,46.67,46.65,0.02,0.0429,40993.45,190981.051,0.000428633
300677.SZ,20200401,46.2,47.09,44.75,45.6,46.67,-1.07,-2.2927,38633.62,177525.992,-0.023193843
300677.SZ,20200402,45.7,46.1,44.45,45.65,45.6,0.05,0.1096,34629.24,156721.987,0.001095891
300677.SZ,20200403,45.36,47.53,45.36,46.5,45.65,0.85,1.862,44270.53,206187.672,0.018448706
300677.SZ,20200407,46.99,48.34,45.81,47.99,46.5,1.49,3.2043,59048.06,278437.852,0.031540343
300677.SZ,20200408,47.5,47.79,44.9,45.12,47.99,-2.87,-5.9804,53818.5,247796.709,-0.061667049
300677.SZ,20200409,45.13,49.63,44.75,49.63,45.12,4.51,9.9956,70234.15,335751.093,0.095269882
300677.SZ,20200410,52,54.25,49.9,51.01,49.63,1.38,2.7806,97396,504555.849,0.027426202
300677.SZ,20200413,52.19,54.48,51.06,52.99,51.01,1.98,3.8816,61841.28,327753.264,0.038081525
300677.SZ,20200414,52.2,52.2,50.28,51.57,52.99,-1.42,-2.6798,51585.28,264006.059,-0.027163108
300677.SZ,20200415,51.06,51.97,50.6,51.41,51.57,-0.16,-0.3103,33909.57,173572.375,-0.003107402
300677.SZ,20200416,51.91,56.55,51.91,56.55,51.41,5.14,9.9981,38918.39,214548.598,0.095292496
300677.SZ,20200417,59.15,61.82,55.08,57.11,56.55,0.56,0.9903,105128.55,614635.24,0.00985403
300677.SZ,20200420,56.56,59.45,55.5,57.7,57.11,0.59,1.0331,65343.37,373435.46,0.010277941
300677.SZ,20200421,56.99,59.49,55.86,56.6,57.7,-1.1,-1.9064,44600.25,255650.522,-0.019248188
300677.SZ,20200422,55.87,58.24,55.01,58.24,56.6,1.64,2.8975,37784.39,213702.685,0.028563419
300677.SZ,20200423,58.22,58.99,55.7,56.82,58.24,-1.42,-2.4382,46343.88,264713.484,-0.024684027
300677.SZ,20200424,56.82,56.82,54.5,54.9,56.82,-1.92,-3.3791,28294.75,156623.398,-0.034375028
300677.SZ,20200427,55.71,58,54.9,56.24,54.9,1.34,2.4408,37018.27,208896.796,0.024114899
300677.SZ,20200428,56.21,57.28,54.1,55.06,56.24,-1.18,-2.0982,34560.14,192769.637,-0.021204748
300677.SZ,20200429,55.56,59.36,55.02,57.85,55.06,2.79,5.0672,60433.63,348682.618,0.049429954
300677.SZ,20200430,57.3,58.19,54.5,56.32,57.85,-1.53,-2.6448,49638.4,278752.039,-0.026803742
300677.SZ,20200506,55.2,55.2,53.1,54,56.32,-2.32,-4.1193,56425.97,303015.13,-0.042065665
300677.SZ,20200507,54,56,53.44,54.05,54,0.05,0.0926,33312.14,181961.214,0.000925498
300677.SZ,20200508,54.3,54.45,53.36,53.46,54.05,-0.59,-1.0916,27655.08,148762.843,-0.010975833
300677.SZ,20200511,53.73,53.93,52,53.43,53.46,-0.03,-0.0561,30174.89,160258.555,-0.000561325
300677.SZ,20200512,53.12,54.45,52.6,53.64,53.43,0.21,0.393,30703.27,164404.636,0.003922672
300677.SZ,20200513,55.01,59,55.01,59,53.64,5.36,9.9925,56042.3,325447.154,0.095242385
300677.SZ,20200514,60,60,55.88,56.11,59,-2.89,-4.8983,51816.2,298018.633,-0.050223394
300677.SZ,20200515,56.1,61.72,55.11,61,56.11,4.89,8.715,57282.51,334446.631,0.083559814
300677.SZ,20200518,61.08,64.88,59.38,62.42,61,1.42,2.3279,65355.82,409711.745,0.023011873
300677.SZ,20200519,62.3,67.3,62.3,65.82,62.42,3.4,5.447,54109.15,350601.209,0.053038007
300677.SZ,20200520,65.01,66.38,64.51,64.82,65.82,-1,-1.5193,34574.87,226418.003,-0.015309546
300677.SZ,20200521,67.12,71,66,69.62,64.82,4.8,7.4051,52424.94,362192.104,0.071437685
300677.SZ,20200522,69.3,74.8,69.3,72.2,69.62,2.58,3.7058,56831.41,412988.293,0.036388164
300677.SZ,20200525,69.04,74.2,67,69.5,72.2,-2.7,-3.7396,67350.36,471994.463,-0.038113293
300677.SZ,20200526,72.01,76.45,71.5,76.45,69.5,6.95,10,50907.89,381414.966,0.09531018
300677.SZ,20200527,81.8,84.1,79.45,83.22,76.45,6.77,8.8555,93828.01,771949.245,0.084850771
300677.SZ,20200528,82,82,76.66,79.64,83.22,-3.58,-4.3019,56096.77,445916.158,-0.043971224
300677.SZ,20200529,79.39,87.6,79.39,87.6,79.64,7.96,9.995,58970.02,506626.032,0.095264519
300677.SZ,20200601,89,90.5,85.11,89.39,87.6,1.79,2.0434,59205.66,518457.866,0.020227821
300677.SZ,20200602,88.49,88.7,85.06,87.21,89.39,-2.18,-2.4388,48154.81,415781.898,-0.024689816
300677.SZ,20200603,88.46,91.37,85.86,87.87,87.21,0.66,0.7568,39125.12,346414.49,0.007539446
300677.SZ,20200604,89.72,90,82,83.48,87.87,-4.39,-4.996,54491.09,462309.441,-0.051251367
300677.SZ,20200605,83,85.5,79.79,81.59,83.33,-1.74,-2.0881,52844.28,431504.251,-0.021101923
300677.SZ,20200608,83.4,83.99,80.7,81.74,81.59,0.15,0.1838,46911.22,385358.116,0.001836773
300677.SZ,20200609,82,82.9,78.66,79.9,81.74,-1.84,-2.251,42521.18,339983.26,-0.022767625
300677.SZ,20200610,80.8,85.5,78.8,81.31,79.9,1.41,1.7647,63362.74,516971.875,0.017493157
300677.SZ,20200611,81.84,82.68,79.36,82.6,81.31,1.29,1.5865,39435.65,321126.845,0.01574067
300677.SZ,20200612,84,90.86,83.7,90.86,82.6,8.26,10,68345.33,608932.927,0.09531018
300677.SZ,20200615,94.94,99.95,94.01,99.95,90.86,9.09,10.0044,78378.77,772110.456,0.095350201
300677.SZ,20200616,100.05,109.95,99.95,109.95,99.95,10,10.005,73277.52,776769.468,0.095355656
300677.SZ,20200617,113.01,120.5,111,116,109.95,6.05,5.5025,111715.18,1290960.33,0.053564474
300677.SZ,20200618,116.1,117.9,104.4,104.6,116,-11.4,-9.8276,98087.78,1057853.173,-0.103446639
300677.SZ,20200619,105.9,114.45,104.4,112,104.6,7.4,7.0746,75818.48,833484.458,0.06835532
300677.SZ,20200622,115.07,119.84,110.49,114.13,112,2.13,1.9018,70431,809306.393,0.018839278
300677.SZ,20200623,115,117.65,112.36,116.35,114.13,2.22,1.9452,50647.61,585019.246,0.01926474
300677.SZ,20200624,116.35,118,114.55,117.4,116.35,1.05,0.9024,36364.38,423440.723,0.008984018
300677.SZ,20200629,121.01,128.99,121.01,127.8,117.4,10.4,8.8586,58714.52,737429.27,0.084879635
300677.SZ,20200630,127.5,127.99,120.98,127.8,127.8,0,0,55020,680698.898,0
300677.SZ,20200701,125.41,125.51,121.1,122.55,127.8,-5.25,-4.108,43340.76,535255.67,-0.041947432
300677.SZ,20200702,124.01,127,122.56,124,122.55,1.45,1.1832,33985.85,424153.705,0.011762456
300677.SZ,20200703,123.04,135.59,123,134,124,10,8.0645,56334.4,741867.143,0.077558234
300677.SZ,20200706,135.18,135.55,127.66,130.19,134,-3.81,-2.8433,65448.73,858882.056,-0.028844878
300677.SZ,20200707,130.19,135.5,127.66,132.2,130.19,2.01,1.5439,60292.28,798168.28,0.015321006
300677.SZ,20200708,139.38,143.44,130.51,134.97,132.2,2.77,2.0953,69343.04,935825.763,0.020736604
300677.SZ,20200709,131.18,139.12,130.3,133.02,134.97,-1.95,-1.4448,66654.62,899095.389,-0.014553039
300677.SZ,20200710,135.1,140.66,133.21,138.52,133.02,5.5,4.1347,83033.79,1134559.666,0.040515227
300677.SZ,20200713,152.37,152.37,152.37,152.37,138.52,13.85,9.9986,6636.58,101121.569,0.095297054
300677.SZ,20200714,167.61,167.61,167.61,167.61,152.37,15.24,10.002,7605.1,127469.081,0.095328079
300677.SZ,20200715,184.37,184.37,169.45,175.55,167.61,7.94,4.7372,182590.95,3260876.238,0.04628405
300677.SZ,20200716,171.01,178.1,158,158,175.55,-17.55,-9.9972,82541.79,1371934.457,-0.10532887
300677.SZ,20200717,152.5,170,147.53,161.92,158,3.92,2.481,100734.38,1595544.176,0.024507353
300677.SZ,20200720,163,164,150.41,159.5,161.92,-2.42,-1.4946,68904.62,1080938.378,-0.015058464
300677.SZ,20200721,159,169.9,154.56,165.88,159.5,6.38,4,68544.87,1128067.905,0.039220713
300677.SZ,20200722,167,173.38,164.07,166.96,165.88,1.08,0.6511,68735.74,1154025.061,0.006489627
300677.SZ,20200723,162,165.8,158,165.75,166.96,-1.21,-0.7247,66843.92,1081477.493,-0.007273634
300677.SZ,20200724,163,165.5,149.18,149.18,165.75,-16.57,-9.997,67825.82,1049535.587,-0.105326999
300677.SZ,20200727,147.8,154.99,147.5,151.31,149.18,2.13,1.4278,47994.51,727615.739,0.014177082
300677.SZ,20200728,152.43,166.44,152,166.44,151.31,15.13,9.9993,82769.59,1345977.032,0.095304172
300677.SZ,20200729,168.51,176.98,166.6,171.98,166.44,5.54,3.3285,90508.84,1552179.678,0.032743307
300677.SZ,20200730,171,175.5,167.15,169.3,171.98,-2.68,-1.5583,71540.23,1218097.167,-0.015705902
300677.SZ,20200731,168.01,175.5,166.13,171.7,169.3,2.4,1.4176,64553.22,1099833.771,0.014076479
300677.SZ,20200803,173,176.5,167.02,175.27,171.7,3.57,2.0792,83097.91,1443673.338,0.020578874
300677.SZ,20200804,174.91,178.29,164.56,166.9,175.27,-8.37,-4.7755,84813.7,1460278.919,-0.048932811
300677.SZ,20200805,163,173.62,163,170,166.9,3.1,1.8574,64705.04,1102715.577,0.018403606
300677.SZ,20200806,168.52,172,162.2,166.18,170,-3.82,-2.2471,49891.56,829561.029,-0.022726899
300677.SZ,20200807,166.18,170.77,162,167,166.18,0.82,0.4934,44008.8,734231.22,0.004922274
300677.SZ,20200810,167,167.98,158.88,164.8,167,-2.2,-1.3174,38054.73,622693.057,-0.013261195
300677.SZ,20200811,166.98,174,164.42,166,164.8,1.2,0.7282,41627.43,702122.28,0.007255171
300677.SZ,20200812,161.2,168,150,157.09,166,-8.91,-5.3675,59199.52,929238.1,-0.055168899
300677.SZ,20200813,159.13,160.5,155.55,158.53,157.09,1.44,0.9167,30065.61,476660.743,0.00912496
300677.SZ,20200814,158,161.71,152.97,156.21,158.53,-2.32,-1.4634,31005.86,484789.849,-0.014742594
300677.SZ,20200817,158.49,158.49,154.5,158.48,156.21,2.27,1.4532,32322.51,506458.911,0.014427147
300677.SZ,20200818,159,159.89,146.88,149.97,158.48,-8.51,-5.3698,68093.94,1028078.036,-0.055193128
300677.SZ,20200819,150,154.45,147.1,147.2,149.97,-2.77,-1.847,44194.41,659728.174,-0.018643068
300677.SZ,20200820,146.02,151.64,146.02,149.48,147.2,2.28,1.5489,27558.81,410980.912,0.015370398
300677.SZ,20200821,150.14,153.9,148.02,150.5,149.48,1.02,0.6824,25771.32,387913.289,0.00680048
300677.SZ,20200824,152.44,161.87,149.85,156.39,150.5,5.89,3.9136,47190.26,731512.764,0.038389803
300677.SZ,20200825,160.01,162.9,157.15,158.94,156.39,2.55,1.6305,37070.12,590506.612,0.016173885
300677.SZ,20200826,161.5,165.43,150,151.77,158.94,-7.17,-4.5111,59222.36,932205.452,-0.046160556
300677.SZ,20200827,149.98,157.17,148,155.8,151.77,4.03,2.6553,45485.24,697502.103,0.026206916
300677.SZ,20200828,152,152,140,147.1,155.8,-8.7,-5.5841,96388.52,1403369.952,-0.057460506
300677.SZ,20200831,147.91,156,147.11,151.5,147.1,4.4,2.9912,64399.62,975838.741,0.029472997
300677.SZ,20200901,152.01,154.55,146.76,148,151.5,-3.5,-2.3102,44376.85,665045.026,-0.023373351
300677.SZ,20200902,148.3,148.75,136.33,139,148,-9,-6.0811,82812.55,1160116.475,-0.062738341
300677.SZ,20200903,140,140.68,136,136.66,139,-2.34,-1.6835,43212.1,598022.956,-0.016977844
300677.SZ,20200904,135.4,137.86,134.03,135.83,136.66,-0.83,-0.6073,41499.91,564245.56,-0.006091986
300677.SZ,20200907,137.22,138.5,127.7,128.8,135.83,-7.03,-5.1756,58808.91,774575.776,-0.05314329
300677.SZ,20200908,129.97,130.6,126,128.42,128.8,-0.38,-0.295,39199.02,501251.568,-0.002954671
300677.SZ,20200909,127.45,130.48,122.33,124.35,128.42,-4.07,-3.1693,65396.63,824098.782,-0.032205972
300677.SZ,20200910,127.01,144.5,126.98,133.6,124.35,9.25,7.4387,103434.71,1409111.907,0.071750091
300677.SZ,20200911,131.01,137,128.65,132.73,133.6,-0.87,-0.6512,61859.79,817017.682,-0.006533271
300677.SZ,20200914,134.02,134.11,125.51,127.69,132.73,-5.04,-3.7972,60775.06,789429.931,-0.038711538
300677.SZ,20200915,126.1,132.75,126.1,132.28,127.69,4.59,3.5946,41954.89,546184.888,0.035315437
300677.SZ,20200916,133,134.77,129.2,131.28,132.28,-1,-0.756,31918.92,418442.795,-0.007588441
300677.SZ,20200917,131.01,133.86,129.05,131,131.28,-0.28,-0.2133,26788.88,351103.944,-0.002135124
300677.SZ,20200918,132,136.98,128,136.9,131,5.9,4.5038,61923.19,823768.33,0.044053409
300677.SZ,20200921,136.9,136.9,129.3,131.1,136.9,-5.8,-4.2367,56047.02,735218.34,-0.043290342
300677.SZ,20200922,135,151,135,144.32,131.1,13.22,10.0839,115537.58,1646981.326,0.096072666
300677.SZ,20200923,143.09,150.8,139,147.7,144.32,3.38,2.342,92303.26,1339364.645,0.023150133
300677.SZ,20200924,146.06,149.89,142.8,143.52,147.7,-4.18,-2.8301,52358.62,759508.979,-0.028708791
300677.SZ,20200925,146.5,152.5,145.5,148.95,143.52,5.43,3.7834,65547.82,978974.783,0.037136281
300677.SZ,20200928,152.4,155.37,147.82,148.99,148.95,0.04,0.0269,46733.02,704288.859,0.00026851
300677.SZ,20200929,150,152,142.91,145,148.99,-3.99,-2.678,46593.89,676507.098,-0.027145447
300677.SZ,20200930,146.68,152.19,144.9,150.8,145,5.8,4,49553.67,738670.914,0.039220713
300677.SZ,20201009,156.5,161,151.2,154.84,150.8,4.04,2.679,81477.45,1276428.22,0.02643787
300677.SZ,20201012,103.7,109.65,101.5,109.65,102.89,6.76,6.5701,96218.37,1018060.827,0.063633018
300677.SZ,20201013,110,114.05,108.05,112,109.65,2.35,2.1432,100741.73,1124748.614,0.021205396
300677.SZ,20201014,111,118.78,110,117.05,112,5.05,4.5089,116683.14,1340737.399,0.044102323
300677.SZ,20201015,115,115.15,110.12,111.49,117.05,-5.56,-4.7501,88605.96,999435.585,-0.048666293
300677.SZ,20201016,111.6,115.87,111,115.18,111.49,3.69,3.3097,73695.77,838899.315,0.032561221
300677.SZ,20201019,119,119,113.02,115.11,115.18,-0.07,-0.0608,77796.47,906015.487,-0.000607929
300677.SZ,20201020,113.13,114.86,109.57,113.8,115.11,-1.31,-1.138,70571.17,792289.938,-0.011445671
300677.SZ,20201021,114,114,102.6,103.4,113.8,-10.4,-9.1388,141619.27,1498552.617,-0.09583756
300677.SZ,20201022,103,103.97,97.88,102.34,103.4,-1.06,-1.0251,81528.99,820740.187,-0.010304359
300677.SZ,20201023,103.08,105.08,99.3,101.98,102.34,-0.36,-0.3518,60363.57,616164.413,-0.003523888
300677.SZ,20201026,102,106.99,102,106.45,101.98,4.47,4.3832,62330.17,653767.543,0.042898676
300677.SZ,20201027,106.7,111.2,106.7,110,106.45,3.55,3.3349,76391.23,835441.718,0.032804974
300677.SZ,20201028,111.8,113.88,101.33,106.93,110,-3.07,-2.7909,122457.5,1323445.401,-0.028305951
300677.SZ,20201029,109.11,120.32,109.11,118,106.93,11.07,10.3526,164517.51,1882783.084,0.09851021
300677.SZ,20201030,118,118,114.12,116.21,118,-1.79,-1.5169,94289.56,1088552.495,-0.015285725
300677.SZ,20201102,117.88,120.66,115.38,117.27,116.21,1.06,0.9121,90866.43,1065258.357,0.009080069
300677.SZ,20201103,117.96,117.96,111.66,114.96,117.27,-2.31,-1.9698,75943.84,867833.416,-0.019894727
300677.SZ,20201104,114.02,114.68,110.58,111.72,114.96,-3.24,-2.8184,73972.02,829744.041,-0.028588501
300677.SZ,20201105,112.25,115.66,111.23,113.05,111.72,1.33,1.1905,77265.73,875254.543,0.011834458
300677.SZ,20201106,114.81,123.01,107.8,120.5,113.05,7.45,6.59,155727.4,1802059.081,0.063819554
300677.SZ,20201109,120.71,144.6,120.71,144.6,120.5,24.1,20,215878.12,2965269.963,0.182321557
300677.SZ,20201110,130,132.99,119,123.5,144.6,-21.1,-14.592,276492.22,3488572.121,-0.157730154
300677.SZ,20201111,120.95,122,113,114.4,123.5,-9.1,-7.3684,169299.97,1972906.848,-0.076540077
300677.SZ,20201112,116.22,119.01,112,116.4,114.4,2,1.7483,105144.1,1215654.713,0.017331456
300677.SZ,20201113,116.1,118.87,113.11,114.5,116.4,-1.9,-1.6323,77612.07,900677.364,-0.016457712
300677.SZ,20201116,114,115.25,110.91,114.51,114.5,0.01,0.0087,71160.63,806296.635,8.73324E-05
300677.SZ,20201117,112.01,112.52,104.8,105.77,114.51,-8.74,-7.6325,131856.53,1419575.141,-0.07939523
300677.SZ,20201118,106.24,110.5,105.99,108.44,105.77,2.67,2.5243,67586.28,733149.482,0.024930099
300677.SZ,20201119,109,117.3,108.72,115.16,108.44,6.72,6.197,109623.03,1251283.231,0.060125441
300677.SZ,20201120,114.03,120.66,114.03,117.63,115.16,2.47,2.1448,91672.51,1084069.309,0.021221639
300677.SZ,20201123,121.71,125,118.66,120.65,117.63,3.02,2.5674,91699.71,1112685.34,0.025349687
300677.SZ,20201124,127.43,132.73,127.1,129,120.65,8.35,6.9208,132153.94,1716987.955,0.066918612
300677.SZ,20201125,130.21,135.89,130.21,130.72,129,1.72,1.3333,127604.97,1699244.27,0.013245227
300677.SZ,20201126,132.5,133,123.85,128.3,130.72,-2.42,-1.8513,98193.64,1260726.016,-0.018686359
300677.SZ,20201127,129.89,132.45,128.29,128.7,128.3,0.4,0.3118,60768.23,789626.841,0.003112843
300677.SZ,20201130,127.76,130.8,125.5,130.8,128.7,2.1,1.6317,81946.4,1052916.317,0.016185324
300677.SZ,20201201,129.01,130.8,126.03,127.7,130.8,-3.1,-2.37,62491.39,799640.007,-0.023985676
300677.SZ,20201202,131,133.86,127.7,129.95,127.7,2.25,1.7619,69189.64,901520.204,0.017465998
300677.SZ,20201203,129,131.65,127.15,129.18,129.95,-0.77,-0.5925,56734.3,733294.403,-0.00594298
300677.SZ,20201204,130.29,131.6,129.18,130.18,129.18,1,0.7741,50666.99,660587.826,0.007711328
300677.SZ,20201207,130.26,142.2,129.8,138.93,130.18,8.75,6.7215,112068.91,1536956.86,0.065052101
300677.SZ,20201208,139.01,144.4,139.01,141,138.93,2.07,1.49,71755.59,1017263.661,0.014789681
300677.SZ,20201209,140.51,142.01,136.55,137.54,141,-3.46,-2.4539,57473.16,795591.219,-0.024845106
300677.SZ,20201210,138.45,143,137.2,142.18,137.54,4.64,3.3736,72280.6,1018205.291,0.033179077
300677.SZ,20201211,142,150.88,141.51,148.5,142.18,6.32,4.4451,124147.18,1834857.803,0.043491098
300677.SZ,20201214,148.4,159.9,146.2,159,148.5,10.5,7.0707,127879.45,1983155.371,0.068319244
300677.SZ,20201215,158,166.9,150.06,155.24,159,-3.76,-2.3648,162342.37,2577291.778,-0.023931896
300677.SZ,20201216,157.96,158.5,151.6,154.2,155.24,-1.04,-0.6699,88093.45,1363661.176,-0.006721845
300677.SZ,20201217,154.21,159.6,154.21,156.91,154.2,2.71,1.7575,75685.51,1184234.702,0.017421931
300677.SZ,20201218,157.9,159.85,152.1,155.89,156.91,-1.02,-0.6501,69164.19,1079572.825,-0.006521762
300677.SZ,20201221,157,166.5,157,166.5,155.89,10.61,6.8061,103583.78,1694593.491,0.065844679
300677.SZ,20201222,170.1,171.5,163.5,169.21,166.5,2.71,1.6276,101128.53,1704814.028,0.016145238
300677.SZ,20201223,166.7,167.94,159.31,164.66,169.21,-4.55,-2.689,87987.58,1440457.168,-0.027257805
300677.SZ,20201224,163.5,165.84,160,163.04,164.66,-1.62,-0.9838,58589.85,955250.158,-0.009887172
300677.SZ,20201225,162.02,163.8,154.91,156.56,163.04,-6.48,-3.9745,91762.7,1453867.895,-0.040556246
300677.SZ,20201228,158.51,166.7,158.51,165.01,156.56,8.45,5.3973,96374.3,1572528.282,0.052566755
300677.SZ,20201229,164.75,167.74,161,164,165.01,-1.01,-0.6121,67802.82,1114587.676,-0.00613965
300677.SZ,20201230,164.21,165.6,160.88,164.79,164,0.79,0.4817,67337.83,1097106.984,0.004805508
300677.SZ,20201231,165.6,168.8,163,168.15,164.79,3.36,2.039,73979.63,1228306.369,0.020184502
